/*!40101 SET @OLD_CHARACTER_SET_CLIENT=@@CHARACTER_SET_CLIENT */;
/*!40101 SET NAMES utf8 */;
/*!50503 SET NAMES utf8mb4 */;
/*!40014 SET @OLD_FOREIGN_KEY_CHECKS=@@FOREIGN_KEY_CHECKS, FOREIGN_KEY_CHECKS=0 */;
/*!40101 SET @OLD_SQL_MODE=@@SQL_MODE, SQL_MODE='NO_AUTO_VALUE_ON_ZERO' */;

DROP DATABASE IF EXISTS `portal`;
CREATE DATABASE IF NOT EXISTS `portal` /*!40100 DEFAULT CHARACTER SET utf8mb4 COLLATE utf8mb4_unicode_ci */;
USE `portal`;

DROP TABLE IF EXISTS `clanci`;
CREATE TABLE IF NOT EXISTS `clanci` (
  `id` int(10) unsigned NOT NULL AUTO_INCREMENT,
  `naslov` varchar(255) COLLATE utf8mb4_unicode_ci NOT NULL,
  `clanak` text COLLATE utf8mb4_unicode_ci,
  `rezime` tinytext COLLATE utf8mb4_unicode_ci,
  `objavljen` tinyint(3) unsigned NOT NULL DEFAULT '0',
  `pregledi` int(8) unsigned NOT NULL DEFAULT '0',
  `korisnik_id` int(10) unsigned NOT NULL,
  `kategorija_id` int(10) unsigned NOT NULL,
  `created_at` timestamp NULL DEFAULT CURRENT_TIMESTAMP,
  `updated_at` timestamp NULL DEFAULT CURRENT_TIMESTAMP,
  `published_at` timestamp NULL DEFAULT CURRENT_TIMESTAMP,
  `deleted_at` timestamp NULL DEFAULT NULL,
  PRIMARY KEY (`id`),
  KEY `FK_clanci_kategorije` (`kategorija_id`),
  CONSTRAINT `FK_clanci_kategorije` FOREIGN KEY (`kategorija_id`) REFERENCES `kategorije` (`id`)
) ENGINE=InnoDB AUTO_INCREMENT=9 DEFAULT CHARSET=utf8mb4 COLLATE=utf8mb4_unicode_ci;

DELETE FROM `clanci`;
/*!40000 ALTER TABLE `clanci` DISABLE KEYS */;
INSERT INTO `clanci` (`id`, `naslov`, `clanak`, `rezime`, `objavljen`, `pregledi`, `korisnik_id`, `kategorija_id`, `created_at`, `updated_at`, `published_at`, `deleted_at`) VALUES
	(1, 'Бечић изабран за председника Скупштине Црне Горе', 'ПОДГОРИЦА - Лидер коалиције „Мир је наша нација” и председник Демократске Црне Горе Алекса Бечић изабран је за председника Скупштине Црне Горе. За његово именовање гласало је 45 посланика, а против је био један посланик, док је 25 листића било празно.\r\n\r\n„Неописива је част и привилегија бити изабран за председника највишег законодавног и представничког дома, а истовремено бити и први изабрани јавни функционер након прве демократске смене власти у црногорској историји. Они који ме нису гласали да знају да ћу се за њих још више борити, да су им моја врата широм отворена. Нећу их нападати, критиковати или проглашавати противницима државе. Хоћу да опозиција има бољи статус него што смо га ми имали”, поручио је Бечић након избора.\r\n\r\nПре гласања посланици коалиција „За будућност Црне Горе и „Црно на бијело”, посланици Бошњачке странке и посланик Албанске изборне листе „Генци Ниманбегу-Ник Гјелосхај” Ник Ђељошај, најавили су да ће подржати предлог да Бечић буде председник Скупштине.\r\n\r\nДПС и СДП најавили су да ће бити „уздржани”, док су Андрија Поповић (Либерална партија) и Социјалдемократе Црне Горе казали да ће бити против избора Бечића за председника парламента. Посланик ДПС-а Милош Николић казао је да та партија поводом предлога да Бечић буде председник Скупштине „ДПС имати неутралан став”.\r\n\r\n„Нећемо гласати ни за Бечића, али ни против”, рекао је Николић. Посланик Либералне партије Андрија Поповић казао је да постоји бојазан да ће доћи „до дезинтеграције Црне Горе, губитка нашег суверинитета”.\r\n\r\nДржавна избора комисија Црне Горе (ДИК) је објавила 14. септембра коначне резултате парламентарних избора, према којима су три опозициона савеза освојила 41 посланичко место док актуелна владајућа већина има 40 места у црногорском парламенту.\r\n\r\nПрема коначним изборним резултатима, коалиција „Одлучно - Демократска партија социјалиста - Мило Ђукановић” освојила је 30 мандата од којих један припада Либералној партији која је била дио коалиције.\r\n\r\nОпозициона коалиција „За будућност Црне Горе” освојила је 27 мандата, од чега 18 припада Демократском фронту који чине Нова српска демократија, Демократска народна партија, Покрет за промјене и Демократска народна партија. Као чланице савеза „За будућност Црне Горе” Социјалистичка народна партија (СНП) имаће пет посланика, Уједињена Црна Гора једног, а Радничка партија и Права Црна Гора по једног представника. Носилац листе Здравко Кривокапић је тај опозициони савез предводио као нестраначка личност.\r\n\r\nОпозициона коалиција „Мир је наша нација” освојила је 10 посланичких места, од чега девет припада Демократској Црној Гори, а један Демосу. Опозициони савез „Црно на бијело” има четири посланика која припадају грађанском покрету УРА.\r\n\r\nБошњачка странка и Социјалдемократе имаће по три посланика, а Социјалдемократска партија два. У црногорском парламенту по једног представника имаће Албанска листа „Сада је вријеме” и коалиција „Једногласно”, јавља Бета.', 'Мир је наша нација', 1, 40, 1, 1, '2020-09-23 19:30:26', '2020-09-23 19:30:27', '2020-09-23 19:30:29', NULL),
	(2, 'КФОР представио италијански медицински тим за ковид', 'Италијански војно-медицински тим који ће наредних недеља бити активан на читавој територији Косова и Метохије као подршка у одговору институција на ковид19 представљен је данас у Приштини, саопштио је КФОР.\r\n\r\nТим су обезбедили војска, морнарица, ваздухопловне снаге и Карабињери, а представљању су присуствовали косовски премијер Авдулах Хоти, амбасадор Италије у Приштини Никола Орландо, који је промовисао билатералну цивилно-војну иницијативу и генерал Микеле Риси , шеф КФОР мисије НАТО-а, који ће олакшати рад тима.\r\n\r\nДолазак тима резултат је италијанске националне иницијативе Министарства одбране и Министарства спољних послова те земље.\r\n\r\nТим чине доктори специјалисти и медицинске сестре, а предводи га мајор Кристијан Вито Бенеђиамо који - као и остали чланови тима - има искуство рада на првој линији фронта против ковида у разним болницама у северној Италији током раних фаза ванредне ситуације.\r\n\r\nИталијанска агенција за развојну сарадњу, која је активна неколико година у подршци локалном здравственом систему, обезбеђује везу тима са косовским здравственим институцијама.\r\n\r\nТим је на Косово стигао почетком септембра а до сада је био ангажован на низу састанака са здравственим особљем у главним косовским болницама, како би израдио и ојачао ковид19 методе за управљање ванредним ситуацијама на целој територији у складу са међународним инстанцама.\r\n\r\nКако се наводи тим ће допринети дефинисању интервентних стратегија, у сусрет зимској сезони и другом таласу инфекције.\r\n\r\n„Овом артикулисаном интервенцијом у знак подршке косовским здравственим властима, Италија се афирмисала као примарни партнер у борби против коронавируса заједно са институцијама и грађанима ове земље”, рекао је амбасадор Орландо.\r\n\r\nДодао је да је долазак тима нови пример цивилно-војне сарадње који потврђује италијанску националну посвећеност Косову.\r\n\r\n„Позивам све грађане Косова да и даље стриктно поштују једноставна правила која побеђују вирус: Ставите маске, држите растојање и редовно перите руке. Заједно ћемо успети!”, апеловао је амбасадор.\r\n\r\nКомандант КФОР-а Риси нагласио је допринос мисије НАТО-а на Косову у овој области. „КФОР олакшава рад војно-медицинског тима као што је и био случај последњих месеци са специјализованим тимом италијанске војске који је обновио многе јавне зграде широм Косова”, рекао је он.\r\n\r\nВођа италијанског војно-медицинског тима Бенеђиамо нагласио је значај превенције у борби против ковид19, и истакао значај климе професионалне сарадње која је већ успостављена са лекарима главних болница на Косову.\r\n\r\nОд избијања вируса на Косову, Италија је била на првој линији пружања помоћи локалним властима, наводи се у саопштењу које преноси Танјуг, и додај да је италијански војни контингент КФОР-а недавно обновио две школе.\r\n\r\nДодаје се да је Италијанска агенција за међународну сарадњу ојачала је национални здравствени систем испоруком комплетног одељења за кардиохирургију, специјализованом обуком лекара и медицинских сестара, а недавно је предала лабораторију за вирусне анализе и значајне количине личне и медицинске заштитне опреме.', 'КФОР', 1, 41, 1, 2, '2020-09-22 19:31:43', '2020-09-22 19:31:47', '2020-09-22 19:31:50', NULL),
	(3, 'Представа „Чипка” је прича о хуманости', 'Aнсамбл Ријечког балета je изнедрио специфичне особености, а оне су окосница мог тренутног ауторског пројекта „Чипка” који ћете видети у Београду. Публици се допада наш тврдоглав покушај да се кроз кореографска дела надовезујемо на раније радове, на нов начин. У „Чипки” која евоцира уметност преживљавања, публици на БФИ желимо пренети оно што нас тренутно заокупља, а то је начин како један балетски ансамбл ове регије може преживети, кроз играчко заједништво, хуманост и солидарност, рекла је за „Политику” Маша Колар, кореограф и директорка балета ХНК Ивана пл. Зајца из Ријеке, поводом њиховог извођења комада „Чипка” на 17. Београдском фестивалу игре, вечерас у 20 часова у Мадлениануму и сутра увече у исто време у СНП-у у Новом Саду.', 'Чипка', 1, 11, 1, 14, '2020-09-18 18:32:53', '2020-09-23 18:32:56', '2020-09-18 18:32:58', NULL),
	(4, 'Протест у Минску после инаугурације Лукашенка', 'МИНСК - Неколико особа је повређено када је полиција употребила водене топове током протеста у Минску, док је више од 10 особа задржано у притвору, преноси Ројтерс позивајући се на руске медије.\r\n\r\nПрема наводима очевица британске агенције, хиљаде људи изашло је на улице Минска како би протестовали против изненадне инаугурације председника Белорусије Александра Лукашенка. Демонстранти су носили заставе опозиције у црвеној и белој боји, док су аутомобили у пролазу свирали у знак солидарности.\r\n\r\nНа једом од транспарената који су учесници протеста носили писало је: „Ако имаш 80 одсто, зашто нас се плашис?”, чиме се алудира на Лукашенкове наводе да је на председничким изборима 9. августа освојио 80 одсто гласова.\r\n\r\nРуска агенција Интерфакс објавила је да је неколико особа повређено када су употребљени водени топови, док је агенција РИА навела да је више од 10 особа задржано у притвору. Демонстранти су раније данас почели да се окупљају у малим групама у Минску, укључујући испред најмање три унивезитета, показују фотографије локалних медија.\r\n\r\nНеки су узвикивали: „Саша (надимак за Лукашенка), изађи, честитаћемо ти!" Опозициони политицар Павел Латушко рекао је да је полагање заклетве било као „тајни састанак лопова”.\r\n\r\n„Где су усхићени грађани? Где је дипломатски кор? Очигледно је да је Александар Лукашенко искључиво председник ОМОН-а (специјалних полицијских снага) и шачице лажљивих званичника”, навео је он на друштвеним медијима.', 'Минск', 1, 0, 1, 7, '2020-08-15 20:23:32', '2020-08-15 20:23:50', '2020-08-15 20:23:59', '2020-09-24 08:06:43'),
	(5, 'Хоти и Боулер потписали економски споразум', 'ПРИШТИНА - Премијер привремених косовских институција Авдулах Хоти и извршни директор Међународне развојне финансијске корпорације (ДФЦ) Адам Болер потписали су споразум о сарадњи.', 'Хоти и Боулер', 1, 2, 1, 1, '2019-09-23 20:25:21', '2019-09-23 20:25:25', '2019-09-23 20:25:27', NULL),
	(6, 'Срушио се „миг 21”, погинуо пилот, другог траже, повређен мештанин села Брасина', 'Током извршења редовног летачког задатка јутрос око 9 часова срушио се авион „миг 21” Војске Србије у рејону села Брасина код Малог Зворника. На лице места упућена је екипа Службе трагања и спасавања РВ и ПВО и надлежни органи, саопштило је Министарство одбране. ', 'авион „миг 21” Војске Србије', 1, 4, 1, 1, '2020-06-25 12:06:23', '2020-06-25 12:06:24', '2020-06-25 12:06:28', NULL),
	(7, 'Балкански картел предводи шверц кокаина у Европу', 'У Европи је 2018. откривено више од 181 тоне кокаина у укупно 110.000 полицијских акција што је својеврсни рекорд и досад највећи забележени број заплена те дроге.\r\n\r\nОви подаци део су новог извештаја Европског центра за праћење дрога и зависности о дрогама, објављеног пре два дана у Лисабону (Португалија).\r\n\r\nНаводи се и да је кокаин све чистији, а цена стабилна.\r\n\r\nНа европском тржишту грам кокаина кошта од 38 евра (чистоће 23 одсто) до 135 евра (чистоће 87 посто).\r\n\r\nНајвеће пошиљке кокаина у Европи биле су заплењене у Белгији (53 тоне), Шпанији (48 тона) и у Холандији (40 тона), што је 87 одсто свих заплена. Реч је о земљама чије су луке традиционално главни улаз кокаина у Европу. Подаци за 2019. годину још нису објављени.\r\n\r\nТрговци кокаином пореклом из земаља бивше Југославије све су присутнији у Шпанији, „вратима за увоз те дроге у Европу”, јер цена кокаина порасте и неколико пута ако кријумчари успеју дрогу да превезу из Јужне Америке.\r\n\r\nОво је „мотивисало” и српског власника америчке спортске једрилице „Сиескејп” да с двојицом колега, Русом и Мексиканцем, покуша да допреми 800 килограма кокаина из\r\n\r\nКолумбије на Стари континент. Ипак, њих је пресрела шпанска полиција на мору близу Азорских острва, у сарадњи с португалском полицијом на темељу дојаве српске полиције.\r\n\r\nШпанска полиција, чија се посебна јединица бави сузбијањем наркотика, у последње две године ухапсила је више држављана Србије и Хрватске у једрилицама на Атлантском океану, али и у луксузним кућама у Шпанији.\r\n\r\nЦивилна гарда недавно је саопштила да су током разних истрага и акција приметили да је у Шпанији све већа присутност чланова криминалних банди из источне Европе.\r\n\r\n„Чланови тих банди налазе се на стратешким местима у Шпанији одакле бродовима преко Атлантског океана увозе кокаин у Европу. То обављају с Канарских острва, јужне шпанске обале и из Галиције”, наводе у шпанској полицији.\r\n\r\nЦивилна гарда је 2018. ухапсила Србина са хрватским пасошем Ненада Винчића, шефа једног огранка „Балканског картела”, под сумњом да је користио обалу у Галицији за допремање кокаина из Колумбије.\r\n\r\n„Он је био представник балканског клана за јужну Европу. Организација га је послала у Колумбију да успостави контакте с директним дистрибутерима дроге. Након тога се сместио у Барселони одакле је контролисао улаз кокаина”, саопштила је Цивилна гарда.\r\n\r\nВинчић је живео луксузно. Проводио је време у становима  чији је месечни најам коштао 5.000 евра. Возио је скупоцене аутомобиле и често залазио у коцкарнице, пренели су локални портали.\r\n\r\nОвај Србин имао је у Галицији свог човека да тамо осигура увоз кокаина.\r\n\r\n„Послао је човека од поверења, Омара Фернанда Мегију Гила, држављанина Доминиканске Републике који је био притваран у САД због трговине дрогом, а који је и бежао из затвора. Задатак му је био да осигура увоз кокаина на обалу бродом, једрилицом или рибарским бродом”, писао је локални лист позивајући се на полицијску истрагу.\r\n\r\nИстрага након које је Винчић ухапшен почела је у месту Понтеведри операцијом кодног имена „Смеђи шећер”.\r\n\r\nПолиција је затим у Барселони и другим каталонским местима ухапсила 24 особе, запленила пола милиона евра и 35 скупоцених аутомобила. Блокирала је некретнине вредне 20 милиона евра, као и 130 банковних рачуна.\r\n\r\nЗабрињавајући податак из новог извештаја Европског центра за праћење дрога и зависности о дрогама је да су се и количине хероина заплењеног на Старом континенту готово удвостручиле од 2017. до 2018. (пораст с 5,2 тоне на 9,7 тона).\r\n\r\nКада је реч о марихуани, количина ТХЦ-а у смоли и  биљци канабиса сада је у просеку око два пута већа него што је била пре десет година. У Европи се и даље производе познате, али и нове дроге за локална и светско тржиште, наводи се у извештају.', 'Балкански картел предводи шверц кокаина у Европу', 1, 0, 1, 14, '2020-06-25 12:08:30', '2020-06-25 12:08:30', '2020-06-25 12:08:30', NULL),
	(8, '„Фејсбук” прети одласком из Европе', 'Највећа онлајн друштвена мрежа неће моћи да послује на територији Европске уније уколико јој буде забрањено да шаље податке корисника у САД, а Европљани у том случају неће моћи да користе ни „Инстаграм”, који је у власништву „Фејсбука”. То наводе правни заступници америчке компаније у поднеску суду у Даблину, где је европско седиште „Фејсбука”, тражећи да се замрзне процес који води ирски повереник за заштиту података, што је суд одобрио.\r\n\r\n„Фејсбук” негира оцене да тај документ представља претњу повлачењем и каже да је само приказ реалног стања: многе компаније зависе од преноса података између ЕУ и САД, а без међународног правног оквира трпеће економије, преноси „Гардијан”. „Фејсбук” упозорава да ће забрана преноса података изазвати последице за пословање компаније, али и за 400 милиона корисника и 25 милиона фирми у ЕУ које користе њене апликације.\r\n\r\nИрски повереник за заштиту података о личности наредио је почетком септембра америчком технолошком џину да обустави пренос података у САД, реагујући по јулској пресуди Европског суда правде у Луксембургу (ЦЈЕУ) да нема довољно гаранција да амерички обавештајци неће „њушкати” по подацима Европљана. Суд је довео у питање легалност употребе стандардних уговорних клаузула на које се „Фејсбук” ослањао (омогућавају извоз података уз претходни пристанак корисника) у случају кад подаци иду компанији ван ЕУ која потпада под америчке законе о обавештајном надзору.\r\n\r\nТо је била последња у низу пресуда у дугом правном процесу који аустријски правник Макс Шремс води против „Фејсбука” скоро 10 година. Прославио се још када је као студент 2011. почео борбу против компаније Марка Закерберга због њеног превеликог задирања у приватност корисника, подносећи тужбу ирском поверенику. Оптужбе су добиле на тежини кад је две године касније Едвард Сноуден обелоданио да кроз програм „Призма” америчка обавештајна агенција НСА има неометан приступ онлајн активностима корисника „Гугла”, „Фејсбука”, „Епла” и других америчких интернет компанија.\r\n\r\nШремс је тада предао нову тужбу у Даблину, тврдећи да су Сноуденова открића јасно показала да споразум САД и ЕУ из 2000, познат као „Сигурна лука”, не гарантује приватност европским држављанима. Ирски повереник је предао случај суду у Луксембургу, највишој судској инстанци у ЕУ, који је 2015. закључио да споразум није валидан. ЕУ је после тога покушала да направи нови правни оквир за пренос података, тзв. штит приватности, али је суд и њега срушио у јулу, закључивши да не нуди довољну заштиту грађана уније од обавештајног надзора САД. Регулаторним телима у земљама чланицама наложено је да контролишу сваки пренос података како би осигурала да је у складу с одредбама европске регулативе ГДПР.\r\n\r\nШремс, оснивач иницијативе „Европа против ’Фејсбука’”, поздравио је одлуку, рекавши да ће САД озбиљно морати да ревидирају законе о надзору уколико америчке компаније желе да задрже улогу на тржишту ЕУ. Поједини коментатори помињу и могућност цепања „Фејсбука” на два дела, што би за ту компанију био скуп и компликован процес.\r\n\r\nШеф „Фејсбука” за комуникације Ник Клег, некада британски вицепремијер из редова Либерално-демократске партије, написао је на блогу да је међународни трансфер података темељ светске економије и основа многих услуга које свакодневно користимо. На пример, немачки стартап неће моћи да користи клауд услуге америчке компаније или француски трговац неће моћи да има кол-центар у Мароку. „Фејсбук” се жали да се према њему поступа неправично, јер ниједној другој компанији нису изречене овакве мере, иако многе извозе податке из ЕУ у друге земље.\r\n\r\nОд Европске комисије се очекује да с владом САД нађе решење за проблем, који у основи има неусклађеност два правна система кад је реч о заштити личних података. Амерички даје широка овлашћења обавештајном надзору, што се судара с фундаменталним европским правом на приватност. Европски комесар за правосуђе Дидије Рејндер рекао је недавно у Европском парламенту да ће САД морати да мењају закон о надзору да би се смањио јаз који постоји између њега и европских закона о заштити приватности.', '„Фејсбук” прети одласком из Европе', 0, 0, 1, 4, '2020-09-25 12:11:15', '2020-09-25 12:11:16', '2020-09-25 12:11:17', NULL);
/*!40000 ALTER TABLE `clanci` ENABLE KEYS */;

DROP TABLE IF EXISTS `dokumenti`;
CREATE TABLE IF NOT EXISTS `dokumenti` (
  `id` int(10) unsigned NOT NULL AUTO_INCREMENT,
  `clanak_id` int(10) unsigned DEFAULT NULL,
  `vrsta_id` int(10) unsigned DEFAULT NULL,
  `kategorija_id` int(10) unsigned DEFAULT NULL,
  `naslov` varchar(255) COLLATE utf8mb4_unicode_ci NOT NULL DEFAULT '0',
  `link` varchar(255) COLLATE utf8mb4_unicode_ci NOT NULL DEFAULT '0',
  `opis` text COLLATE utf8mb4_unicode_ci,
  `korisnik_id` int(10) unsigned NOT NULL,
  `created_at` timestamp NULL DEFAULT CURRENT_TIMESTAMP,
  PRIMARY KEY (`id`),
  KEY `FK_dokumenti_korisnici` (`korisnik_id`),
  KEY `FK_dokumenti_clanci` (`clanak_id`),
  KEY `FK_dokumenti_vrsta_dokumenta` (`vrsta_id`),
  KEY `FK_dokumenti_kat_dokumenta` (`kategorija_id`),
  CONSTRAINT `FK_dokumenti_clanci` FOREIGN KEY (`clanak_id`) REFERENCES `clanci` (`id`),
  CONSTRAINT `FK_dokumenti_kat_dokumenta` FOREIGN KEY (`kategorija_id`) REFERENCES `dokumenti_kategorije` (`id`),
  CONSTRAINT `FK_dokumenti_korisnici` FOREIGN KEY (`korisnik_id`) REFERENCES `korisnici` (`id`),
  CONSTRAINT `FK_dokumenti_vrsta_dokumenta` FOREIGN KEY (`vrsta_id`) REFERENCES `dokumenti_vrste` (`id`)
) ENGINE=InnoDB AUTO_INCREMENT=5 DEFAULT CHARSET=utf8mb4 COLLATE=utf8mb4_unicode_ci;

DELETE FROM `dokumenti`;
/*!40000 ALTER TABLE `dokumenti` DISABLE KEYS */;
INSERT INTO `dokumenti` (`id`, `clanak_id`, `vrsta_id`, `kategorija_id`, `naslov`, `link`, `opis`, `korisnik_id`, `created_at`) VALUES
	(2, NULL, 1, 1, 'Закон о раду', 'http://localhost/portal/pub/doc/закони_ЗАКОН_О_РАДУ_35f689fb5d790f14.pdf', 'Lorem ipsum dolor sit amet, consectetur adipiscing elit. Aliquam mattis, sapien in consequat ultrices, mauris orci egestas leo, eu vestibulum odio nunc non turpis. Donec vitae elementum arcu, id auctor elit. In feugiat gravida purus pulvinar bibendum. Don', 1, '2020-09-28 08:26:29'),
	(3, NULL, 3, 1, 'Општи Акт о безбедности на раду', 'http://localhost/portal/pub/doc/_Општи_Акт_о_безбедности_на_раду_7ad227d5524a3502.pdf', 'Опис 123', 1, '2020-10-16 12:29:02'),
	(4, NULL, 1, 1, 'Zakon o planiranju i izgradnji', 'http://localhost/portal/pub/doc/Закон_Zakon_o_planiranju_i_izgradnji_062f90d0f7f2a68e.pdf', 'Zakon o planiranju i izgradnji', 1, '2020-10-16 14:37:29');
/*!40000 ALTER TABLE `dokumenti` ENABLE KEYS */;

DROP TABLE IF EXISTS `dokumenti_kategorije`;
CREATE TABLE IF NOT EXISTS `dokumenti_kategorije` (
  `id` int(10) unsigned NOT NULL AUTO_INCREMENT,
  `naziv` varchar(255) COLLATE utf8mb4_unicode_ci NOT NULL,
  `parent_id` bigint(20) NOT NULL DEFAULT '0' COMMENT 'refer to this table column id. this column value must be integer. if it is root then this value must be 0, it can not be NULL.',
  `position` int(9) NOT NULL DEFAULT '0' COMMENT 'position when sort/order tags item.',
  `level` int(10) NOT NULL DEFAULT '1' COMMENT 'deep level of taxonomy hierarchy. begins at 1 (no sub items).',
  `left` int(10) NOT NULL DEFAULT '0' COMMENT 'for nested set model calculation. this will be able to select filtered parent id and all of its children.',
  `right` int(10) NOT NULL DEFAULT '0' COMMENT 'for nested set model calculation. this will be able to select filtered parent id and all of its children.',
  `korisnik_id` int(10) unsigned NOT NULL,
  PRIMARY KEY (`id`),
  KEY `FK_kat_dokumenta_korisnici` (`korisnik_id`),
  CONSTRAINT `FK_kat_dokumenta_korisnici` FOREIGN KEY (`korisnik_id`) REFERENCES `korisnici` (`id`)
) ENGINE=InnoDB AUTO_INCREMENT=43 DEFAULT CHARSET=utf8mb4 COLLATE=utf8mb4_unicode_ci;

DELETE FROM `dokumenti_kategorije`;
/*!40000 ALTER TABLE `dokumenti_kategorije` DISABLE KEYS */;
INSERT INTO `dokumenti_kategorije` (`id`, `naziv`, `parent_id`, `position`, `level`, `left`, `right`, `korisnik_id`) VALUES
	(1, 'Нераспоређени', 0, 1, 1, 1, 2, 1),
	(2, 'ВИЗИЈА, МИСИЈА, ПЛАН РАЗВОЈА, СТРАТЕГИЈА', 0, 2, 1, 3, 4, 1),
	(3, 'ОРГАНИ ГРАДА КРАГУЈЕВЦА', 0, 3, 1, 5, 14, 1),
	(4, 'Скупштина Града', 3, 1, 2, 6, 7, 1),
	(5, 'Градоначелник', 3, 2, 2, 8, 9, 1),
	(6, 'Градско веће', 3, 3, 2, 10, 11, 1),
	(7, 'Градска управа', 3, 4, 2, 12, 13, 1),
	(8, 'ПОЛИТИЧКИ СИСТЕМ ', 0, 4, 1, 15, 16, 1),
	(9, 'МЕСНЕ ЗАЈЕДНИЦЕ', 0, 5, 1, 17, 18, 1),
	(10, 'ОРГАНИЗАЦИЈА ЦИВИЛНОГ ДРУШТВА', 0, 6, 1, 19, 20, 1),
	(11, 'ГРАДСКИ ОМБУДСМАН', 0, 7, 1, 21, 22, 1),
	(12, 'ЈАВНО ПРАВОБРАНИЛАШТВО', 0, 8, 1, 23, 24, 1),
	(13, 'ИНТЕРНА РЕВИЗИЈА', 0, 9, 1, 25, 26, 1),
	(14, 'БУЏЕТСКА ИНСПЕКЦИЈА', 0, 10, 1, 27, 28, 1),
	(15, 'КОНТРОЛА И НАДЗОР ПРАВНИХ СУБЈЕКАТА ЧИЈИ ЈЕ ОСНИВАЧ ГРАД', 0, 11, 1, 29, 30, 1),
	(16, 'ПРОТОКОЛ, МЕЂУНАРОДНА И УНУТРАШЊА САРАДЊА', 0, 12, 1, 31, 32, 1),
	(17, 'ЈАВНОСТ РАДА', 0, 13, 1, 33, 34, 1),
	(18, 'ОРГАНИЗАЦИОНА СТРУКТУРА', 0, 14, 1, 35, 38, 1),
	(19, 'ЈАВНИ ПРИХОДИ И ИНСПЕКЦИЈСКИ ПОСЛОВИ', 18, 1, 2, 36, 37, 1),
	(20, 'ЉУДСКИ РЕСУРСИ', 0, 15, 1, 39, 42, 1),
	(21, 'ЈАВНИ ПРИХОДИ И ИНСПЕКЦИЈСКИ ПОСЛОВИ1', 20, 1, 2, 40, 41, 1),
	(22, 'УЗБУЊИВАЊЕ', 0, 16, 1, 43, 44, 1),
	(23, 'ФИНАНСИЈСКО УПРАВЉАЊЕ И КОНТРОЛА', 0, 17, 1, 45, 46, 1),
	(24, 'ФИНАНСИЈЕ', 0, 18, 1, 47, 48, 1),
	(25, 'ЈАВНИ ПРИХОДИ', 0, 19, 1, 49, 60, 1),
	(26, 'ПОРЕЗ НА ИМОВИНУ', 25, 1, 2, 50, 51, 1),
	(27, 'ЛОКАЛНА КОМУНАЛН ТАКСА', 25, 2, 2, 52, 53, 1),
	(28, 'НАКНАДА ЗА ЗАШТИТУ ЖИВОТНЕ СРЕДИНЕ', 25, 3, 2, 54, 55, 1),
	(29, 'НАКНАДА ЗА КОРИШЋЕЊЕ ЈАВНИХ ДОБАРА', 25, 4, 2, 56, 57, 1),
	(30, 'БОРАВИШНА ТАКСА', 25, 5, 2, 58, 59, 1),
	(31, 'ЈАВНЕ НАБАВКЕ', 0, 20, 1, 61, 62, 1),
	(32, 'ЛОКАЛНИ ЕКОНОМСКИ РАЗВОЈ', 0, 21, 1, 63, 64, 1),
	(33, 'ИНВЕСТИЦИЈЕ И ПРОЈЕКТИ', 0, 22, 1, 65, 76, 1),
	(34, 'Изградња објеката', 33, 1, 2, 66, 67, 1),
	(35, 'Изградња комуналне инфраструктуре', 33, 2, 2, 68, 69, 1),
	(36, 'Становање и одржавање зграда', 33, 3, 2, 70, 71, 1),
	(37, 'Изградња станова за социјално угрожене категорије', 33, 4, 2, 72, 73, 1),
	(38, 'Изградња за рањиве категорије', 33, 5, 2, 74, 75, 1),
	(39, 'УПРАВЉАЊЕ ИМОВИНОМ ', 0, 23, 1, 77, 84, 1),
	(40, 'Пољопривредно земљиште', 39, 1, 2, 78, 79, 1),
	(41, 'Грађевинско земљиште', 39, 2, 2, 80, 81, 1),
	(42, 'Путеви', 39, 3, 2, 82, 83, 1);
/*!40000 ALTER TABLE `dokumenti_kategorije` ENABLE KEYS */;

DROP TABLE IF EXISTS `dokumenti_vrste`;
CREATE TABLE IF NOT EXISTS `dokumenti_vrste` (
  `id` int(10) unsigned NOT NULL AUTO_INCREMENT,
  `naziv` varchar(255) COLLATE utf8mb4_unicode_ci NOT NULL,
  `korisnik_id` int(10) unsigned NOT NULL,
  PRIMARY KEY (`id`),
  KEY `FK__korisnici` (`korisnik_id`),
  CONSTRAINT `FK__korisnici` FOREIGN KEY (`korisnik_id`) REFERENCES `korisnici` (`id`)
) ENGINE=InnoDB AUTO_INCREMENT=4 DEFAULT CHARSET=utf8mb4 COLLATE=utf8mb4_unicode_ci;

DELETE FROM `dokumenti_vrste`;
/*!40000 ALTER TABLE `dokumenti_vrste` DISABLE KEYS */;
INSERT INTO `dokumenti_vrste` (`id`, `naziv`, `korisnik_id`) VALUES
	(1, 'Закон', 1),
	(2, 'Уредба', 1),
	(3, 'Правилник', 1);
/*!40000 ALTER TABLE `dokumenti_vrste` ENABLE KEYS */;

DROP TABLE IF EXISTS `kategorije`;
CREATE TABLE IF NOT EXISTS `kategorije` (
  `id` int(10) unsigned NOT NULL AUTO_INCREMENT,
  `naziv` varchar(255) COLLATE utf8mb4_unicode_ci NOT NULL,
  `vrsta` enum('опште','управе','синдикати') COLLATE utf8mb4_unicode_ci NOT NULL,
  `korisnik_id` int(10) unsigned NOT NULL,
  PRIMARY KEY (`id`),
  KEY `FK_kategorije_korisnici` (`korisnik_id`),
  CONSTRAINT `FK_kategorije_korisnici` FOREIGN KEY (`korisnik_id`) REFERENCES `korisnici` (`id`)
) ENGINE=InnoDB AUTO_INCREMENT=16 DEFAULT CHARSET=utf8mb4 COLLATE=utf8mb4_unicode_ci;

DELETE FROM `kategorije`;
/*!40000 ALTER TABLE `kategorije` DISABLE KEYS */;
INSERT INTO `kategorije` (`id`, `naziv`, `vrsta`, `korisnik_id`) VALUES
	(1, 'Вести', 'опште', 1),
	(2, 'Саопштења', 'опште', 1),
	(3, 'Адресар ЈП и установа', 'опште', 1),
	(4, 'Градска управа за послове органа Града', 'управе', 1),
	(5, 'Градска управа за јавне приходе и инспекцијске послове', 'управе', 1),
	(6, 'Градска управа за развој', 'управе', 1),
	(7, 'Градска управа за друштвене делатности и послове са грађанима', 'управе', 1),
	(8, 'Градска управа за заједничке послове', 'управе', 1),
	(9, 'Градско правобранилаштво', 'управе', 1),
	(10, 'Служба за интерну ревизију', 'управе', 1),
	(11, 'Служба за буџетску инспекцију', 'управе', 1),
	(12, 'Служба заштитника грађана', 'управе', 1),
	(13, 'Самостални синдикат', 'синдикати', 1),
	(14, 'Синдикат "Независност"', 'синдикати', 1),
	(15, 'Синдикат "Пера"', 'синдикати', 1);
/*!40000 ALTER TABLE `kategorije` ENABLE KEYS */;

DROP TABLE IF EXISTS `komentari`;
CREATE TABLE IF NOT EXISTS `komentari` (
  `id` int(10) unsigned NOT NULL AUTO_INCREMENT,
  `id_clanka` int(10) unsigned NOT NULL,
  `naslov` varchar(100) COLLATE utf8mb4_unicode_ci DEFAULT NULL,
  `korisnik` varchar(100) COLLATE utf8mb4_unicode_ci NOT NULL,
  `korisnik_ip` varchar(100) COLLATE utf8mb4_unicode_ci NOT NULL,
  `komentar` text COLLATE utf8mb4_unicode_ci NOT NULL,
  `created_at` timestamp NULL DEFAULT CURRENT_TIMESTAMP,
  `published_at` timestamp NULL DEFAULT NULL,
  PRIMARY KEY (`id`),
  KEY `FK_komentari_clanci` (`id_clanka`),
  CONSTRAINT `FK_komentari_clanci` FOREIGN KEY (`id_clanka`) REFERENCES `clanci` (`id`)
) ENGINE=InnoDB AUTO_INCREMENT=6 DEFAULT CHARSET=utf8mb4 COLLATE=utf8mb4_unicode_ci;

DELETE FROM `komentari`;
/*!40000 ALTER TABLE `komentari` DISABLE KEYS */;
INSERT INTO `komentari` (`id`, `id_clanka`, `naslov`, `korisnik`, `korisnik_ip`, `komentar`, `created_at`, `published_at`) VALUES
	(1, 2, 'Loše', 'Pera Perić', '192.168.13.147', 'Veoma loš članak, bajo', '2020-09-25 12:12:44', '2020-09-25 12:12:45'),
	(2, 2, 'Odlično', 'Mika Mikić', '192.168.14.87', 'Vrh, tebra ko0lko je dobro!!!', '2020-09-24 12:12:44', '2020-09-24 09:12:45'),
	(4, 1, 'Јака држава и још јачи предедничић', 'Сташа тхе Краљ', '::1,KURE_I5', 'Свакако нови власници неће бити радници који су га направили и који су формално били власници до једне од првих законских промена које је дос донео претворивши друштвено власништво у државно којим управљају бирокраде, класа радника данас само може да ужива благодети вулиновог закона о раду и да се нада да ће некако преживети под новим газдама који уз зграде и средства за рад , купују радну снагу и тржиште (људске ресурсе).', '2020-09-26 12:04:48', NULL),
	(5, 2, 'Neki komentar', 'Сташа тхе Краљ', '::1,KURE_I5', 'Молимо вас да се у коментарима држите теме текста. Администратор портала задржава право да – уколико их процени као неумесне - скрати или не објави коментаре који садрже осврте на нечију личност и приватан живот, увреде на рачун аутора текста и/или чланова административног тима портала као и било какву претњу, непристојан речник, говор мржње, расне и националне увреде или било какав незаконит садржај. Коментаре писане верзалом и линкове на друге сајтове не објављујемо. Администратор портала нема никакву обавезу образлагања одлука везаних за скраћивање коментара и њихово објављивање.', '2020-09-28 08:44:21', '2020-09-28 08:45:19');
/*!40000 ALTER TABLE `komentari` ENABLE KEYS */;

DROP TABLE IF EXISTS `korisnici`;
CREATE TABLE IF NOT EXISTS `korisnici` (
  `id` int(10) unsigned NOT NULL AUTO_INCREMENT,
  `ime` varchar(100) COLLATE utf8mb4_unicode_ci NOT NULL,
  `prezime` varchar(150) COLLATE utf8mb4_unicode_ci NOT NULL,
  `email` varchar(255) COLLATE utf8mb4_unicode_ci NOT NULL,
  `korisnicko_ime` varchar(50) COLLATE utf8mb4_unicode_ci NOT NULL,
  `lozinka` varchar(255) COLLATE utf8mb4_unicode_ci NOT NULL,
  `dozvoljene_kategorije` varchar(255) COLLATE utf8mb4_unicode_ci NOT NULL,
  `nivo` int(10) unsigned NOT NULL,
  `korisnik_id` int(10) unsigned NOT NULL,
  `created_at` timestamp NULL DEFAULT CURRENT_TIMESTAMP,
  PRIMARY KEY (`id`),
  UNIQUE KEY `username` (`korisnicko_ime`),
  KEY `FK_korisnici_korisnici` (`korisnik_id`),
  CONSTRAINT `FK_korisnici_korisnici` FOREIGN KEY (`korisnik_id`) REFERENCES `korisnici` (`id`)
) ENGINE=InnoDB AUTO_INCREMENT=3 DEFAULT CHARSET=utf8mb4 COLLATE=utf8mb4_unicode_ci;

DELETE FROM `korisnici`;
/*!40000 ALTER TABLE `korisnici` DISABLE KEYS */;
INSERT INTO `korisnici` (`id`, `ime`, `prezime`, `email`, `korisnicko_ime`, `lozinka`, `dozvoljene_kategorije`, `nivo`, `korisnik_id`, `created_at`) VALUES
	(1, 'Admin', '', '', 'admin', '$2y$10$RWD9bVOhe1GlWER7DVKMAukc2/OAwpoAvC/8A.wYOpGtqMFTezQHm', '1,2,3', 0, 1, '2020-01-08 19:47:03'),
	(2, 'pera', 'pekic', 'peki@pera.net', 'pekile', '$2y$10$U2FnmDxHkgxlqyG.tkYs/OdPHXxuE1ybWYYSR.tD.WsiRk6Y8Eequ', '1, 2, 4', 100, 1, '2020-09-28 13:22:24');
/*!40000 ALTER TABLE `korisnici` ENABLE KEYS */;

DROP TABLE IF EXISTS `logovi`;
CREATE TABLE IF NOT EXISTS `logovi` (
  `id` int(10) unsigned NOT NULL AUTO_INCREMENT,
  `opis` varchar(255) COLLATE utf8mb4_unicode_ci DEFAULT '0',
  `datum` timestamp NOT NULL DEFAULT CURRENT_TIMESTAMP,
  `izmene` text COLLATE utf8mb4_unicode_ci,
  `tip` enum('brisanje','dodavanje','izmena','upload') COLLATE utf8mb4_unicode_ci NOT NULL DEFAULT 'dodavanje',
  `korisnik_id` int(10) unsigned NOT NULL,
  PRIMARY KEY (`id`),
  KEY `FK_logovi_korisnici` (`korisnik_id`),
  CONSTRAINT `FK_logovi_korisnici` FOREIGN KEY (`korisnik_id`) REFERENCES `korisnici` (`id`)
) ENGINE=InnoDB AUTO_INCREMENT=70 DEFAULT CHARSET=utf8mb4 COLLATE=utf8mb4_unicode_ci;

DELETE FROM `logovi`;
/*!40000 ALTER TABLE `logovi` DISABLE KEYS */;
INSERT INTO `logovi` (`id`, `opis`, `datum`, `izmene`, `tip`, `korisnik_id`) VALUES
	(1, '16, kategorije - naziv: COVID-19', '2020-09-25 20:38:55', '', 'dodavanje', 1),
	(2, '16, kategorije - naziv: COVID-19', '2020-09-25 20:39:07', 'a:1:{s:5:"vrsta";a:2:{s:14:"stara_vrednost";s:10:"опште";s:13:"nova_vrednost";s:12:"управе";}}', 'izmena', 1),
	(3, '16, kategorije - naziv: COVID-19 2020', '2020-09-25 20:39:15', 'a:2:{s:5:"naziv";a:2:{s:14:"stara_vrednost";s:8:"COVID-19";s:13:"nova_vrednost";s:13:"COVID-19 2020";}s:5:"vrsta";a:2:{s:14:"stara_vrednost";s:12:"управе";s:13:"nova_vrednost";s:10:"опште";}}', 'izmena', 1),
	(4, '16, kategorije - naziv: COVID-19 2020', '2020-09-25 20:40:05', 'a:4:{s:2:"id";i:16;s:5:"naziv";s:13:"COVID-19 2020";s:5:"vrsta";s:10:"опште";s:11:"korisnik_id";i:1;}', 'brisanje', 1),
	(5, '16, kategorije - naziv: Chanky', '2020-09-28 08:48:03', '', 'dodavanje', 1),
	(6, '16, kategorije - naziv: Chanky 2', '2020-09-28 08:48:12', 'a:1:{s:5:"naziv";a:2:{s:14:"stara_vrednost";s:6:"Chanky";s:13:"nova_vrednost";s:8:"Chanky 2";}}', 'izmena', 1),
	(7, '9, clanci - naslov: Test', '2020-09-28 08:54:30', '', 'dodavanje', 1),
	(8, '2, korisnici - ime: pera, prezime: pekic, ', '2020-09-28 13:22:24', '', 'dodavanje', 1),
	(9, '16, kategorije - naziv: Chanky 2', '2020-09-29 09:01:59', 'a:4:{s:2:"id";i:16;s:5:"naziv";s:8:"Chanky 2";s:5:"vrsta";s:10:"опште";s:11:"korisnik_id";i:1;}', 'brisanje', 1),
	(10, '19, dokumenti_kategorije - naziv: Sanjina kategorija', '2020-10-18 12:10:03', '', 'dodavanje', 1),
	(11, '19, dokumenti_kategorije - naziv: Sanjina kategorija II', '2020-10-18 12:19:09', 'a:1:{s:5:"naziv";a:2:{s:14:"stara_vrednost";s:18:"Sanjina kategorija";s:13:"nova_vrednost";s:21:"Sanjina kategorija II";}}', 'izmena', 1),
	(12, '19, dokumenti_kategorije - naziv: Sanjina kategorija II', '2020-10-18 12:19:16', 'a:3:{s:2:"id";i:19;s:5:"naziv";s:21:"Sanjina kategorija II";s:11:"korisnik_id";i:1;}', 'brisanje', 1),
	(13, '9, dokumenti_kategorije - naziv: Log kategorija II', '2020-11-26 13:23:38', '', 'dodavanje', 1),
	(14, '12, dokumenti_kategorije - naziv: Poslednji ID', '2020-11-26 18:37:22', '', 'dodavanje', 1),
	(15, '13, dokumenti_kategorije - naziv: test2 3 nivo', '2020-11-27 08:37:11', '', 'dodavanje', 1),
	(16, '14, dokumenti_kategorije - naziv: Korenska sa forme', '2020-11-29 08:38:46', '', 'dodavanje', 1),
	(17, '15, dokumenti_kategorije - naziv: Poslednji TEST 01', '2020-11-29 08:57:45', '', 'dodavanje', 1),
	(18, '16, dokumenti_kategorije - naziv: Poslednji TEST 02', '2020-11-29 09:01:48', '', 'dodavanje', 1),
	(19, '17, dokumenti_kategorije - naziv: Poslednji TEST 03', '2020-11-29 09:03:16', '', 'dodavanje', 1),
	(20, '18, dokumenti_kategorije - naziv: Poslednji TEST 04', '2020-11-29 09:03:42', '', 'dodavanje', 1),
	(21, '19, dokumenti_kategorije - naziv: Poslednji TEST 05', '2020-11-29 09:06:13', '', 'dodavanje', 1),
	(22, '20, dokumenti_kategorije - naziv: Poslednji TEST 06', '2020-11-29 09:07:04', '', 'dodavanje', 1),
	(23, '21, dokumenti_kategorije - naziv: Poslednji TEST 07', '2020-11-29 09:08:24', '', 'dodavanje', 1),
	(24, '22, dokumenti_kategorije - naziv: Poslednji TEST 08', '2020-11-29 09:14:52', '', 'dodavanje', 1),
	(25, '1, dokumenti_kategorije - naziv: Нераспоређени', '2020-12-03 08:49:09', 'a:1:{s:5:"naziv";a:2:{s:14:"stara_vrednost";s:73:"Визија, мисија, план развоја, стратегија";s:13:"nova_vrednost";s:26:"Нераспоређени";}}', 'izmena', 1),
	(26, '23, dokumenti_kategorije - naziv: Визија, мисија, план развоја, стратегија', '2020-12-03 08:49:16', '', 'dodavanje', 1),
	(27, '3, dokumenti_kategorije - naziv: Органи Града Крагујевца', '2020-12-03 10:30:06', '', 'dodavanje', 1),
	(28, '4, dokumenti_kategorije - naziv: Скупштина Града', '2020-12-03 10:30:27', '', 'dodavanje', 1),
	(29, '5, dokumenti_kategorije - naziv: Градоначелник', '2020-12-04 13:17:52', '', 'dodavanje', 1),
	(30, '6, dokumenti_kategorije - naziv: Градско веће', '2020-12-04 13:18:40', '', 'dodavanje', 1),
	(31, '7, dokumenti_kategorije - naziv: Градска управа', '2020-12-04 13:18:59', '', 'dodavanje', 1),
	(32, '8, dokumenti_kategorije - naziv: ПОЛИТИЧКИ СИСТЕМ ', '2020-12-04 13:19:46', '', 'dodavanje', 1),
	(33, '2, dokumenti_kategorije - naziv: ВИЗИЈА, МИСИЈА, ПЛАН РАЗВОЈА, СТРАТЕГИЈА', '2020-12-04 13:25:05', 'a:1:{s:5:"naziv";a:2:{s:14:"stara_vrednost";s:73:"Визија, мисија, план развоја, стратегија";s:13:"nova_vrednost";s:73:"ВИЗИЈА, МИСИЈА, ПЛАН РАЗВОЈА, СТРАТЕГИЈА";}}', 'izmena', 1),
	(34, '3, dokumenti_kategorije - naziv: ОРГАНИ ГРАДА КРАГУЈЕВЦА', '2020-12-04 13:25:27', 'a:1:{s:5:"naziv";a:2:{s:14:"stara_vrednost";s:44:"Органи Града Крагујевца";s:13:"nova_vrednost";s:44:"ОРГАНИ ГРАДА КРАГУЈЕВЦА";}}', 'izmena', 1),
	(35, '9, dokumenti_kategorije - naziv: МЕСНЕ ЗАЈЕДНИЦЕ', '2020-12-04 13:25:51', '', 'dodavanje', 1),
	(36, '10, dokumenti_kategorije - naziv: ОРГАНИЗАЦИЈА ЦИВИЛНОГ ДРУШТВА', '2020-12-04 13:26:27', '', 'dodavanje', 1),
	(37, '11, dokumenti_kategorije - naziv: ГРАДСКИ ОМДУСМАН', '2020-12-04 13:26:48', '', 'dodavanje', 1),
	(38, '11, dokumenti_kategorije - naziv: ГРАДСКИ ОМБУДСМАН', '2020-12-04 13:31:04', 'a:1:{s:5:"naziv";a:2:{s:14:"stara_vrednost";s:31:"ГРАДСКИ ОМДУСМАН";s:13:"nova_vrednost";s:33:"ГРАДСКИ ОМБУДСМАН";}}', 'izmena', 1),
	(39, '12, dokumenti_kategorije - naziv: ЈАВНО ПРАВОБРАНИЛАШТВО', '2020-12-04 13:31:26', '', 'dodavanje', 1),
	(40, '13, dokumenti_kategorije - naziv: ИНТЕРНА РЕВИЗИЈА', '2020-12-04 13:31:40', '', 'dodavanje', 1),
	(41, '14, dokumenti_kategorije - naziv: БУЏЕТСКА ИНСПЕКЦИЈА', '2020-12-04 13:31:55', '', 'dodavanje', 1),
	(42, '15, dokumenti_kategorije - naziv: КОНТРОЛА И НАДЗОР ПРАВНИХ СУБЈЕКАТА ЧИЈИ ЈЕ ОСНИВАЧ ГРАД', '2020-12-04 13:32:17', '', 'dodavanje', 1),
	(43, '16, dokumenti_kategorije - naziv: ПРОТОКОЛ, МЕЂУНАРОДНА И УНУТРАШЊА САРАДЊА', '2020-12-04 13:32:45', '', 'dodavanje', 1),
	(44, '17, dokumenti_kategorije - naziv: ЈАВНОСТ РАДА', '2020-12-04 13:33:01', '', 'dodavanje', 1),
	(45, '18, dokumenti_kategorije - naziv: ОРГАНИЗАЦИОНА СТРУКТУРА', '2020-12-04 13:33:14', '', 'dodavanje', 1),
	(46, '19, dokumenti_kategorije - naziv: ЈАВНИ ПРИХОДИ И ИНСПЕКЦИЈСКИ ПОСЛОВИ', '2020-12-04 13:34:02', '', 'dodavanje', 1),
	(47, '20, dokumenti_kategorije - naziv: ЉУДСКИ РЕСУРСИ', '2020-12-04 13:34:30', '', 'dodavanje', 1),
	(48, '21, dokumenti_kategorije - naziv: ЈАВНИ ПРИХОДИ И ИНСПЕКЦИЈСКИ ПОСЛОВИ1', '2020-12-04 13:36:45', '', 'dodavanje', 1),
	(49, '22, dokumenti_kategorije - naziv: УЗБУЊИВАЊЕ', '2020-12-04 13:45:41', '', 'dodavanje', 1),
	(50, '23, dokumenti_kategorije - naziv: ФИНАНСИЈСКО УПРАВЉАЊЕ И КОНТРОЛА', '2020-12-04 13:50:32', '', 'dodavanje', 1),
	(51, '24, dokumenti_kategorije - naziv: ФИНАНСИЈЕ', '2020-12-04 13:50:49', '', 'dodavanje', 1),
	(52, '25, dokumenti_kategorije - naziv: ЈАВНИ ПРИХОДИ', '2020-12-04 13:51:31', '', 'dodavanje', 1),
	(53, '26, dokumenti_kategorije - naziv: ПОРЕЗ НА ИМОВИНУ', '2020-12-04 13:52:03', '', 'dodavanje', 1),
	(54, '27, dokumenti_kategorije - naziv: ЛОКАЛНА КОМУНАЛН ТАКСА', '2020-12-04 13:52:25', '', 'dodavanje', 1),
	(55, '28, dokumenti_kategorije - naziv: НАКНАДА ЗА ЗАШТИТУ ЖИВОТНЕ СРЕДИНЕ', '2020-12-04 13:52:46', '', 'dodavanje', 1),
	(56, '29, dokumenti_kategorije - naziv: НАКНАДА ЗА КОРИШЋЕЊЕ ЈАВНИХ ДОБАРА', '2020-12-04 13:53:07', '', 'dodavanje', 1),
	(57, '30, dokumenti_kategorije - naziv: БОРАВИШНА ТАКСА', '2020-12-04 13:53:28', '', 'dodavanje', 1),
	(58, '31, dokumenti_kategorije - naziv: ЈАВНЕ НАБАВКЕ', '2020-12-04 13:54:34', '', 'dodavanje', 1),
	(59, '32, dokumenti_kategorije - naziv: ЛОКАЛНИ ЕКОНОМСКИ РАЗВОЈ', '2020-12-04 13:55:00', '', 'dodavanje', 1),
	(60, '33, dokumenti_kategorije - naziv: ИНВЕСТИЦИЈЕ И ПРОЈЕКТИ', '2020-12-04 13:55:16', '', 'dodavanje', 1),
	(61, '34, dokumenti_kategorije - naziv: Изградња објеката', '2020-12-04 13:57:32', '', 'dodavanje', 1),
	(62, '35, dokumenti_kategorije - naziv: Изградња комуналне инфраструктуре', '2020-12-04 13:58:02', '', 'dodavanje', 1),
	(63, '36, dokumenti_kategorije - naziv: Становање и одржавање зграда', '2020-12-04 13:58:22', '', 'dodavanje', 1),
	(64, '37, dokumenti_kategorije - naziv: Изградња станова за социјално угрожене категорије', '2020-12-04 13:58:48', '', 'dodavanje', 1),
	(65, '38, dokumenti_kategorije - naziv: Изградња за рањиве категорије', '2020-12-04 13:59:11', '', 'dodavanje', 1),
	(66, '39, dokumenti_kategorije - naziv: УПРАВЉАЊЕ ИМОВИНОМ ', '2020-12-04 13:59:34', '', 'dodavanje', 1),
	(67, '40, dokumenti_kategorije - naziv: Пољопривредно земљиште', '2020-12-04 14:06:23', '', 'dodavanje', 1),
	(68, '41, dokumenti_kategorije - naziv: Грађевинско земљиште', '2020-12-04 14:06:37', '', 'dodavanje', 1),
	(69, '42, dokumenti_kategorije - naziv: Путеви', '2020-12-04 14:06:54', '', 'dodavanje', 1);
/*!40000 ALTER TABLE `logovi` ENABLE KEYS */;

/*!40101 SET SQL_MODE=IFNULL(@OLD_SQL_MODE, '') */;
/*!40014 SET FOREIGN_KEY_CHECKS=IF(@OLD_FOREIGN_KEY_CHECKS IS NULL, 1, @OLD_FOREIGN_KEY_CHECKS) */;
/*!40101 SET CHARACTER_SET_CLIENT=@OLD_CHARACTER_SET_CLIENT */;
